date, price
Mon Nov 27,$309
Tue Nov 28,$309
Wed Nov 29,$309
Thu Nov 30,$339
Fri Dec 1,$339
Sat Dec 2,$314
Sun Dec 3,$309
Mon Dec 4,$309
Tue Dec 5,$278
Wed Dec 6,$292
Thu Dec 7,$292
Fri Dec 8,$310
Sat Dec 9,$291
Sun Dec 10,$309
Mon Dec 11,$217
Tue Dec 12,$309
Wed Dec 13,$340
Thu Dec 14,$340
Fri Dec 15,$441
Sat Dec 16,$482
Sun Dec 17,$446
Mon Dec 18,$424
Tue Dec 19,$434
Wed Dec 20,$470
Thu Dec 21,$504
Fri Dec 22,$559
Sat Dec 23,$366
Sun Dec 24,$333
Mon Dec 25,$499
Tue Dec 26,$673
Wed Dec 27,$560
Thu Dec 28,$552
Fri Dec 29,$506
Sat Dec 30,$443
Sun Dec 31,$411
Mon Jan 1,$400
Tue Jan 2,$512
Wed Jan 3,$400
Thu Jan 4,$332
Fri Jan 5,$332
Sat Jan 6,$323
Sun Jan 7,$286
Mon Jan 8,$219
Tue Jan 9,$228
Wed Jan 10,$257
Thu Jan 11,$275
Fri Jan 12,$305
Sat Jan 13,$270
Sun Jan 14,$222
Mon Jan 15,$212
Tue Jan 16,$212
Wed Jan 17,$217
Thu Jan 18,$260
Fri Jan 19,$212
Sat Jan 20,$217
Sun Jan 21,$219
Mon Jan 22,$219
Tue Jan 23,$219
Wed Jan 24,$219
Thu Jan 25,$267
Fri Jan 26,$219
Sat Jan 27,$239
Sun Jan 28,$286
Mon Jan 29,$212
Tue Jan 30,$212
Wed Jan 31,$262
Thu Feb 1,$212
Fri Feb 2,$275
Sat Feb 3,$238
Sun Feb 4,$212
Mon Feb 5,$212
Tue Feb 6,$212
Wed Feb 7,$263
Thu Feb 8,$275
Fri Feb 9,$301
Sat Feb 10,$239
Sun Feb 11,$219
Mon Feb 12,$219
Tue Feb 13,$219
Wed Feb 14,$296
Thu Feb 15,$296
Fri Feb 16,$332
Sat Feb 17,$353
Sun Feb 18,$231
Mon Feb 19,$296
Tue Feb 20,$268
Wed Feb 21,$263
Thu Feb 22,$212
Fri Feb 23,$305
Sat Feb 24,$294
Sun Feb 25,$246
Mon Feb 26,$246
Tue Feb 27,$212
Wed Feb 28,$262
Thu Feb 29,$275
Fri Mar 1,$311
Sat Mar 2,$311
Sun Mar 3,$280
Mon Mar 4,$285
Tue Mar 5,$238
Wed Mar 6,$263
Thu Mar 7,$288
Fri Mar 8,$441
Sat Mar 9,$363
Sun Mar 10,$321
Mon Mar 11,$314
Tue Mar 12,$284
Wed Mar 13,$311
Thu Mar 14,$332
Fri Mar 15,$342
Sat Mar 16,$363
Sun Mar 17,$290
Mon Mar 18,$299
Tue Mar 19,$295
Wed Mar 20,$369
Thu Mar 21,$405
Fri Mar 22,$442
Sat Mar 23,$493
Sun Mar 24,$394
Mon Mar 25,$394
Tue Mar 26,$369
Wed Mar 27,$369
Thu Mar 28,$405
Fri Mar 29,$424
Sat Mar 30,$419
Sun Mar 31,$400
Mon Apr 1,$394
Tue Apr 2,$332
Wed Apr 3,$311
Thu Apr 4,$311
Fri Apr 5,$311
Sat Apr 6,$316
Sun Apr 7,$316
Mon Apr 8,$316
Tue Apr 9,$316
Wed Apr 10,$316
Thu Apr 11,$299
Fri Apr 12,$316
Sat Apr 13,$316
Sun Apr 14,$281
Mon Apr 15,$266
Tue Apr 16,$246
Wed Apr 17,$275
Thu Apr 18,$311
Fri Apr 19,$332
Sat Apr 20,$270
Sun Apr 21,$328
Mon Apr 22,$284
Tue Apr 23,$285
Wed Apr 24,$275
Thu Apr 25,$327
Fri Apr 26,$311
Sat Apr 27,$275
Sun Apr 28,$257
Mon Apr 29,$242
Tue Apr 30,$232
Wed May 1,$280
Thu May 2,$280
Fri May 3,$287
Sat May 4,$300
Sun May 5,$331
Mon May 6,$285
Tue May 7,$285
Wed May 8,$281
Thu May 9,$317
Fri May 10,$316
Sat May 11,$287
Sun May 12,$323
Mon May 13,$285
Tue May 14,$285
Wed May 15,$327
Thu May 16,$363
Fri May 17,$311
Sat May 18,$332
Sun May 19,$371
Mon May 20,$332
Tue May 21,$335
Wed May 22,$385
Thu May 23,$451
Fri May 24,$447
Sat May 25,$363
Sun May 26,$361
Mon May 27,$399
Tue May 28,$386
Wed May 29,$366
Thu May 30,$363
Fri May 31,$366
Sat Jun 1,$400
Sun Jun 2,$413
Mon Jun 3,$400
Tue Jun 4,$389
Wed Jun 5,$400
Thu Jun 6,$453
Fri Jun 7,$452
Sat Jun 8,$405
Sun Jun 9,$427
Mon Jun 10,$379
Tue Jun 11,$361
Wed Jun 12,$401
Thu Jun 13,$410
Fri Jun 14,$472
Sat Jun 15,$434
Sun Jun 16,$441
Mon Jun 17,$387
Tue Jun 18,$381
Wed Jun 19,$388
Thu Jun 20,$381
Fri Jun 21,$424
Sat Jun 22,$410
Sun Jun 23,$456
Mon Jun 24,$395
Tue Jun 25,$361
Wed Jun 26,$394
Thu Jun 27,$404
Fri Jun 28,$430
Sat Jun 29,$385
Sun Jun 30,$426
Mon Jul 1,$375
Tue Jul 2,$361
Wed Jul 3,$395
Thu Jul 4,$351
Fri Jul 5,$425
Sat Jul 6,$450
Sun Jul 7,$455
Mon Jul 8,$380
Tue Jul 9,$386
Wed Jul 10,$400
Thu Jul 11,$345
Fri Jul 12,$430
Sat Jul 13,$416
Sun Jul 14,$440
Mon Jul 15,$355
Tue Jul 16,$361
Wed Jul 17,$355
Thu Jul 18,$345
Fri Jul 19,$433
Sat Jul 20,$391
Sun Jul 21,$402
Mon Jul 22,$355
Tue Jul 23,$361
Wed Jul 24,$361
Thu Jul 25,$360
Fri Jul 26,$385
Sat Jul 27,$370
Sun Jul 28,$355
Mon Jul 29,$315
Tue Jul 30,$346
Wed Jul 31,$381
Thu Aug 1,$345
Fri Aug 2,$345
Sat Aug 3,$410
Sun Aug 4,$405
Mon Aug 5,$380
Tue Aug 6,$350
Wed Aug 7,$340
Thu Aug 8,$341
Fri Aug 9,$337
Sat Aug 10,$386
Sun Aug 11,$307
Mon Aug 12,$350
Tue Aug 13,$316
Wed Aug 14,$325
Thu Aug 15,$337
Fri Aug 16,$337
Sat Aug 17,$335
Sun Aug 18,$321
Mon Aug 19,$305
Tue Aug 20,$302
Wed Aug 21,$305
Thu Aug 22,$305
Fri Aug 23,$336
Sat Aug 24,$322
Sun Aug 25,$326
Mon Aug 26,$305
Tue Aug 27,$283
Wed Aug 28,$283
Thu Aug 29,$307
Fri Aug 30,$337
Sat Aug 31,$322
Sun Sep 1,$302
Mon Sep 2,$302
Tue Sep 3,$316
Wed Sep 4,$283
Thu Sep 5,$283
Fri Sep 6,$336
Sat Sep 7,$322
Sun Sep 8,$331
Mon Sep 9,$316
Tue Sep 10,$283
Wed Sep 11,$283
Thu Sep 12,$283
Fri Sep 13,$384
Sat Sep 14,$364
Sun Sep 15,$364
Mon Sep 16,$345
Tue Sep 17,$283
Wed Sep 18,$283
Thu Sep 19,$283
Fri Sep 20,$360
Sat Sep 21,$336
Sun Sep 22,$360
Mon Sep 23,$345
Tue Sep 24,$283
Wed Sep 25,$283
Thu Sep 26,$323
